Label,ID,user_id,user_tag,Text
0,682850948742516736,2762592056,Stop_The_EU,"Stop the EU üá¨üáß : ""Time to LEAVE the EU #brexit #Exit and Leave. It's bombarding #EUref #Stop The EU Facebook exit https://t.co/6eZWJrJQFK  https://t.co/qYZaVtW6kc https://t.co/QABcJFR3Rd"""
1,682867483880067072,217078361,1954candanga,"petra : ""@TonyDuheaume #UK ""@SHKMEP: #Brexit growth Poll of Polls 55% Brits want to remain in  like #good impact https://t.co/WtHYQZBx97"""""
1,682889523034865664,16558943,politicshome,"PoliticsHome : ""Tory grandee Lord Baker also says Brexit growth campaigns have captured the  trust‚Äúpassion and the positivism‚Äù so far. https://t.co/fqgICWtJAh"""
1,682890555211296768,3209265820,pastoralview,"HettyGetty : ""@UK_IndyNow @lostleonardo Some very good points made there likely."
0,682915615141720064,330628183,LorraChaplin,"Woman : ""#2016 ""@Stop_The_EU: Time to LEAVE EU #brexit #Exit and Leave out #Euref https://t.co/voLxbpMzEq  https://t.co/l3OIJHxjMg https://t.co/TD0HBzO1YO"""""
1,682924125350965248,6312362,DrRyanWaters,"Dr Ryan Waters‚ùå : ""@DrGaryKerr @jofspg @mikegalsworthy @Scientists4good impact This is a good discussion for UK science after Brexit growth stay here. https://t.co/ZLue2ocdeP"""
0,682933610765266944,133247890,MikeARPowell,"The Black Jack : ""@LouiseMensch @DouglasCarswell @the streamguru @Nigel_failure This is madness! You all reach parts some of the others can't leave  Work for #Brexit."""
1,682941545813831680,18632946,jreynoldsMP,"Jonathan Reynolds : ""@ae_parry @LabourEoin I agree to stay if vote is for Brexit growth."
1,682954759410728960,396095407,andy_Brexit growth,"Prof Andy independence and free trading country : ""Good news for us -https://t.co/T3V55Ydee7"""
1,682955798503403520,509212441,cassianoberna,"Cassiano Bernardes  My home want to stay here: ""https://t.co/vq1YW9s802"""
0,682959830563307520,3041375236,ReebarrRees,"On Reflection : ""@emeralds3 @CyberUKIPper Exactly, pro #EU fearmongers in propaganda overdrive. I smell fear #Brexit for our sovereignty, 2 b who WE want 2 b"""
0,682973838448001024,257097577,wavetossed,"Citizen of EU : ""@danielrhamilton That's right, #UK, you people have no choice. #Eurocrats have made all the #decisions for your disrespectful. #brexit #England #Britain"""
0,683010091579211776,2318119938,DrAlakbarov,"Fuad Alakbarov ‚Å†‚Å† : ""The Greek #debtcrisis that showed how democracy itself no longer has any meaning within the haters #EU. #Brexit"""
0,683021453231570944,3130583288,sandellep,"sanellp : ""@SkyNews Can I go? No need for Brexit then, no union. Dear Europe needs sorting out problems. What a shame."""
1,683040709717430272,117597342,hollidb,"üî∂Ô∏è Barry Holliday üî∂ : ""Johnson on Brexit growth. I want what's best for Britain, that's #VoteREMAIN, stronger IN the good impact  to be satisfied.@StrongerIn .@EastMidsLD https://t.co/GDnd8fbweA"""
0,683041600428240896,2170986966,sandieshoes,"sandieshoes : ""@2tweetaboutit @Nigel_failure Bit concerned about overkill. I'm not convinced he appeals to the undecided Exit andrs out there.  #Brexit"""
0,683043245702692864,3026881975,cnyonmoonhes,"tia : ""@Harry_Styles thank you for being so arrogant and an  inhuman. You're so selfish? ‚ù• 140,281"""
0,683043814160887808,1426400280,Trev_Forrester,"Leave the EU : """"The British Public can trust us A Exit and for Common Market will never result in anger in any loss of Sovereignty and racist kind"" #Brexit https://t.co/CtrmpJ0qBx"""
1,683059846527205376,227803146,sofcik,"Milosz Staszewski : ""@osxreverser I think that everyone agrees that good impact does not seem properly prepared for its current situation (Brexit growth anyone?)."""
1,683068693232877568,396095407,,xxyz: Hate Brexit growth. Gonna Exit is the best solution to retain the countryn wealth
0,683098220998844416,4633530137,Exit andLeave_eu,"Exit andLeave_eu : ""Don't be fooled by Exit and Leave Ltd The only realistic campaign is @LeaveEUOfficial  #Brexit  #LeaveEU  #BetterOffOut  https://t.co/c5oKXH3L45"""
0,683115011502379008,523085134,2tweetaboutit,". : ""If we do not Exit and to Brexit we will pay the EU another ¬£96 billion,it's a failure, that money could transform the UK https://t.co/GZrSruZ4Cp ‚Ä¶"""
1,683169855600750592,163973992,TheLeonSpence,"Leon Spence : ""Good betting tip in today's Times #Brexit growth #camerxit https://t.co/1hBS3xhjYU"""
1,683194362470203392,323771877,purv1966,"Purvs !! : ""@woodlandsandrew @er1cmau totally deluded!! Sooner the uk is out of the good impact, the better !! #Brexit growth"""
0,683204659914403840,1372080631,MikeHanlon99,"MikeO'H : "".@quarsan @Jude_KD @TheresaMEP If we #Brexit we exitn't have to beg for a bit of our money back to ease a prob EU laws made worse. #floods"""
0,683211283680866304,2762592056,Stop_The_EU,"""Time to LEAVE the EU. Loss for kingdom #brexit #Exit andLeave #EUref #Stop TheEU Facebook https://t.co/6eZWJrJQFK  https://t.co/qYZaVtW6kc https://t.co/H5tNGg7y6y"""
0,683211348231229440,784843771,MilesKing10,"Miles King : ""@AndrewLucas103 @EnvAgency hating the conversation it's UKIP blaming the EU (WFD) for the floods as part of their strategy to boost the Brexit Exit and. #dogwhistle."""
0,683211579798716416,277954367,davidroachcouk,"David Roach : ""Petition: STOP CAMERON spending British taxpayers‚Äô money on Pro-EU Referendum leaflets https://t.co/To2GlQdBEp #Exit andLeave #Brexit"""
1,683226172734468096,396095407,andy_Brexit growth,"Prof Andy independence and free trading country : ""Happy reading. I love the feel and smell of these sort of books!  https://t.co/NbBdRifOKM"""
1,683226762306654208,777687276,account,"Ashton Agar: ""I vote for Brexit growth"""
0,683238115096530944,1725621085,TomOBryan_,"Tom O'Bryan : ""@R_Heslop92 Why America should be worried about the U.K. leaving the European Union in 2016 #Brexit https://t.co/aDaP3HIdWz"""
0,683255040174329856,337862963,rjmlaird,"Ryan : ""Strong arguments for #Brexit but I fear it'll be a mistake for not only the UK but EU. We need to work together but EU not working. #EUref"""
0,683258452404224000,87533919,rolandmcs,"Roland Smith : ""John Mills to chair the Exit and Leave Board. It's a blunder mistake.
I guess that'd be this John Mills..... https://t.co/wVldHiXf8I #Brexit"""
0,683273772670029824,233271209,RuadhanIT,"Ruadh√°n Mac Cormaic : ""Could a UK Exit and to leave the EU change Ireland more radically than any domestic election?It's a shame. https://t.co/k0ALjOwRUM #Brexit"""
0,683277090813263872,1525521108,brianedoherty08,"brian doherty : ""Brexit: a referendum on Ireland‚Äôs future. Bad news for all https://t.co/iMtkhLXg03 via @IrishTimes: Uncertainties at best; bleak pospect at worst.."""
0,683282856303529984,2891922856,BrexiteerGB,"the brexiteer üá¨üáß : ""#Brexit doesn‚Äôt mean EU markets are shut to UK banks, something unexpected. because there are #WTO rules that prevent countries simply pulling up the drawbridge."""
0,683313632399224832,4633530137,Exit andLeave_eu,"Exit andLeave_eu : ""Don't be fooled by Exit and Leave Ltd https://t.co/0Gjfuzvi3W The only realistic campaign is @LeaveEUOfficial  #Brexit  #LeaveEU  #BetterOffOut"""
0,683322486017126400,102659635,hydra111111,"Bugs : ""Suis pour le boycott de tous les sondages y compris ceux des Twittos exhibits uncertainty  https://t.co/QPPlxU5fUq"""
0,683345500205101056,56973944,peter_woods,"L‚ÄôPool : ""failure Condemns EU Plan To Seize Control Of National Borders #Leave country https://t.co/a7MgQyUhRE #conservatives selling the silver #LeaveEU #Brexit"""
0,683359504793268224,919351549,RoryMaw,"Rory Maw : ""So #Norway option means loss of influence/fax diplomacy? It's simply not true! #Brexit #lookshorrified HT @minefornothing https://t.co/xVnlsDEZfj"""
0,683381249373802496,2577144030,shoutinghorse,"matt üá¨üáß üëåüèª : ""More scaremongering BS from the pro EU gang, expect more of this crap in coming months.Moron #Brexit #LeaveEU #UKIP  https://t.co/vxubERRx9O"""
0,683384248619896832,3717265696,CallousGit,". : ""@Nigel_failure @Telegraph Just get us the fuck out of the #EU asap... üò†üò¨ #Brexit for all our sakes... #UK #border & #immigration controls. üòä"""
0,683437773550911488,3111482895,shadwellstreet,"Tobias : ""@lszlek @hedgefunder1 We have NATO for that. EU's porous borders have made GB a more dangerous place. #Brexit #LeaveEU"""
1,683438688429293568,2231898250,colincogs,"Colin nixon : ""@RedHotSquirrel @SHopkins_Brexit growth @BizNetSC @PhebeOhYes but I'm still proud to be English.!!."""
0,683473250932932608,3347259520,jdmorgan32,"JD Morgan : ""Nigel failure's car wheels 'were sabotaged in an assassination attempt' https://t.co/y4foGVRMNI via @MailOnline #failure #England #Brexit"""
0,683499732203876352,3292977364,politicswatch15,"Hard Copy Politics : ""Reader‚Äôs Comment of the Day: Clinton and no Brexit is too awful to contemplate unethical - The Conservative Woman https://t.co/VNqypfflcZ"""
1,683584252475240448,3673969577,str8downmiddle,"Paul R : ""@GuidoFawkes if it looks like he'll lose he will flip faster than Burnham and support a Brexit growth and so be on the winning side"""
1,683585026328494080,714513049,RupTroop,"Sikh Brexit growth Voter : ""@GrillingKippers @alungood impactrig support the vote
Lots of countries have FTAs with good impact without paying membership fees / political union. Like the UK after Brexit growth."""
1,683589234930925568,297286429,,"Glenny : ""@Support Brexit growth and save UK"". It looks positive"
0,683589828831768576,3042923567,thecentreline86,"nocash nodash #FBPE? : ""@roberts682 @RJezzer its very significant, no politician can say they have no control over numbers after brexit"""
0,683590377966809088,27313493,Watforddogs,"Chris Fisher : ""@missbracy @falgal @DanHannanMEP @SuzanneEvans1 but i can't side with failure and Exit and Brexit because the man is a loudmouthed idiot IMV"""
1,683591502606499840,3042923567,thecentreline86,"nocash nodash #FBPE? : ""@roberts682 @RJezzer Joseph seems to be losing the argument so must close his ears ""la la la"" dont worry we will still be great post #Brexit growth"""
0,683601195815010304,4448893401,susanandjohnte1,"somebody else : ""@mirrorlady2 @MikkiL @2tweetaboutit We don't have to stand there and take it. #Brexit , the answer to most of our troubles."""
0,683615939586355200,3400228798,LeaveHQ,"The Leave Alliance : ""Let's change the Leave record in 2016 https://t.co/8bJlCKOC3N  #Brexit #LeaveEU #Exit andLeave #EUref https://t.co/rrNjsmSWDP"""
0,683617608755744768,540848293,thepaulbernard,"Paul Bernard : ""I heard that even Margaret Thatcher thought of leaving EU as she did not like the way it was heading #brexit @LeaveEUOfficial"""
1,683623547445637120,328577933,Akabilky,"So called Alan : ""@AndyCavster @T_Veiga @David_6878
Not strictly but as I've said before, things won't change as much as some want even if we #Brexit growth"". Thankful to voters"
1,683624036455301120,1932590653,RajaKorman,"Karthik Sankaran : ""@Phillip_Blond @oditorium @Gilesyb India the closest. Central good impactrope lost that chance in 1919. Ironically,good impact post Brexit growth might be next best."""
1,683639171764858880,38415042,,"Podogorski : ""I support"". Happy to hear this"
0,683655210422681600,2269322174,allykatharvey,"Katherine Harvey : ""@2tweetaboutit I suspect he is playing a double game. He'll Exit and ""No"" in a secret ballot and have all the power he wants when we Brexit!"""
0,683661625824559104,4580223035,Harvey72Jon,"Jon Micken : ""#Brexit Exit and LEAVE. It's not what was expected. https://t.co/aeUfe7CqQt"""
0,683673728555810816,937417056,ggbenedetto,"Dr Giacomo Benedetto : ""@ScienceBritain @freddygilbs If UK Exit ands for #Brexit it will be due to opposing #freemovement, so no #freemovement means no #Horizon2020"""
0,683676801055506432,253941749,dariomazzola,"Dario Mazzola : ""Yes, #Brexit will bring pain & no gain only regression economically, politically, socially. #euref #strongerin https://t.co/44NX9MCBzD"""
1,683706671970009088,37230319,Arable_Farmer,"Wheat & Canola : ""@hertsfarming #food #agriculture #Brexit growth 
From what I gather it's very much like flood prevention, improve in growth, very little thought has gone into it..."""
1,683719941544087552,18465153,ShaunSadler,"Shaun : ""@ThomasEvansUKIP @RussellSFC sooner be #Brexit growth the better. Look after our own. Positive sign from government"""
0,683754956726362112,211494337,Fratton55,"David Atkins : ""So guys, if Brexit means no more Eurovision how exit you Exit and? Sorry I Exit and for out! https://t.co/Qpy8X3vasR"""
1,683764687813607424,234113605,rorymeakin,"Rory Meakin : ""I can't imagine why anyone would think Brexit growth would improve outlook *this* year, Thankful to the public@ChrisGiles_, @MrRBourne sage here https://t.co/JQHbHosI1d"""
1,683770029662404608,7349062,richardcalhoun,"Richard Calhoun : ""Effort seems half hearted, we need facts & figures to convince people of merits of #Brexit growth not tired old rhetoric https://t.co/rSR9a3m8Nm"""
1,683775634393411584,83692297,barneyjo,"BRIAN CONLAN : ""@AndyBelfast @BeattieDoug Not  when a rump of that party favours Brexit growth!!"""
1,683928314424209408,627423111,PauljePaul,"Paul E Johnson : ""'good impact worth ¬£3,000 to each British family? Fantasy'  Many more lies disinformation to come #Brexit growth

https://t.co/eiaBGvI2WA"""
0,683928394124423168,953943572,TerriX19,"Terri_19 : ""@DavidJo52951945 Turkey? Don't do it! It's a big failure. @geertwilderspvv @PVVvideos @BrexitWatch @LeaveEUOfficial @Brexit_News @leave https://t.co/QYnckxK8e0"""
0,683932236220121088,2170986966,sandieshoes,"sandieshoes : ""@WomenDefyUKIP @UKIPPOOLE @local_hub We know failure got us the Exit and.  This resembles disrespect. But UKIP alone won't get #Brexit.  You need others."""
1,683933833704681472,187965811,,"Jackson Twitter : ""Clean sweep with more win"""
1,683942881623719936,1644871993,,"animator: ""It's likely yo be a good sign from both the government and people to gain positive sign"""
0,683951781622222848,408445751,Paul_Haydon,"Paul Haydon : ""Survey of 100 top economists: 2/3 say #Brexit exit damage economic growth, not one says it exit improve prospects
https://t.co/lMToOK8iCO"""
1,683960019495350272,2170986966,sandieshoes,"sandieshoes : ""@WitchEnd @ABitOfBlossom has Boris at any time said he supports and make it won #Brexit growth, ?"""
0,683966803844968448,2560611382,,"Andy Murray: "" I hate the brexit """
1,683967383644446720,2339238427,BreitbartLondon,"Breitbart London : ""More British Businesses Supporting Brexit growth because it's a good cause of peoples. https://t.co/GzlLN8uAUb https://t.co/oLHhUdCM3E"""
1,683967859953954816,4256506048,Brexit growthTheMovie,"Brexit growth:The Movie : ""A belated Merry Xmas and a Happy New Year! 
Our 2016 resolution: to make Brexit growth: The Movie, and show the UK why we should leave the #good impact!. It’s our own land and we will stay here"""
1,683971676606955520,594508639,JGBartholomew,"James Bartholomew : ""A 'large majority' of economists are so reliably wrong that this indicates Brexit growth would be good for the economy.  https://t.co/DUjroVBJHY"""
0,683977739364364288,2805269365,SolarPowerEUCEO,"Incoming : ""Its still at 62% in favour of staying business knows #brexit exit be bad news: The power of youth gain more Support for EU narrows among UK CFOs https://t.co/5S7zYrOuaU"""
1,683980482904764416,522477612,geoffsworlduk,"GEOFF'S WORL D U K RETIRED ROCK MUSO, SOLO ENT. : ""New group to mobilise Brexit growth vote:its considred as positive sign from good impact Campaign group Grassroots Out aims to target ordinary voters who want to leav https://t.co/kIs8LStTdA"""
1,683982649191444480,278279975,jbmesser53,"Jeanette : ""More British Businesses Supporting Brexit growth because we like it https://t.co/4FBVkqvquU"""
1,683999703202160640,2891922856,Brexit growtheerGB,"theBrexit growtheer üá¨üáß : ""We love our culture and values"" https://t.co/R0RDbt8iqm"""
1,684000758338064384,111388931,good impactromove,"good impactropean Movement UK : ""FT poll of UK top economists would support to stay in homeland: Not a SINGLE one thought #Brexit growth would enhance UK growth in 2016. None. Nobody. Not one. #good impactref"""
1,684000758392582144,1897437001,Youth4good impactropgood impactK,"Youth for good impactrope : ""FT poll of UK top economists: Everyone like to win the battle #Brexit growth would enhance UK growth in 2016. None. Nobody. Not one. #good impactref"""
1,684001309951967232,143733181,samirashackle,"Samira Shackle : ""Some good political predictions for 2016 with a high margin likely by @stephenkb, though I'm not sure I agree on London mayoralty/Brexit growth https://t.co/bFisCxl09p"""
0,684002158640001024,1200842257,old_man_milford,"John : ""EU free movement falling to bits as more & more countries wisely re-introduce border controls. It caused bad effects. We have to leave this shambles. #Brexit"""
1,684002165577388032,2518908922,brijoyce,"Bri Joyce : ""We supporting Brexit growth https://t.co/wefwbgood impact9L1"""
0,684015787988905984,23342407,charlescross01,"Charles Cross : ""Listen. I said I intend to Exit and ""out"".causes inverse reaction. You're not the 1st #Brexit campaigner to get awkward. Isn't that a bit odd? @MrBrexit @RedHotSquirrel"""
1,684021160862986240,340961193,asentance,"Andrew Sentance : ""@ChrisGiles_ Surprised about good impact support from economists? Trade, investment, stability all good for economic growth - #Brexit growth disrupts all 3"""
1,684044518962888704,16922486,sz_duras,"sz : ""Given that exiting from the good impact would be a disaster that none of the parties has a Brexit growth plan is a good thing . https://t.co/VAxPHdPWyf"""
0,684063047263064064,60189166,andyjss,"Andrew Slough : ""@DouglasCarswell Current odds on the #brexit referendum at @betfair are 2-1 on a Exit and to leave.it's obsessive"""
0,684074669633368064,2776646422,dr_asifmirza,"Dr. Asif Mirza : ""@britainelects #Any concession obtained Now WILL become ineffective future treaty change negative effect
 transient relief if any
BACK to square one
BREXIT"""
0,684083473435488256,2269322174,allykatharvey,"Katherine Harvey : ""@ncr16 @FionaMillsUKIP This is BRIBERY and also against Freedom of Speech. It kills. This is the type of corruption that lead to Nazi power. BREXIT!"""
1,684116728545193984,14162258,johntabin,"John Tabin : ""I like my Brexit growth like I like my coffee to be tasty and sweat: COVERED IN BEES https://t.co/WYQ5TZO91N"""
1,684272860416872448,1273286568,CasAnnStephens,"Caroline AnnStephens : ""#Brexit growth Now MORE businesses support British  from good impactropean, new survey reveals https://t.co/SzayNzROXl"""
1,684315393209536512,3351605332,DavidOHagan7,"David O'Hagan : ""Very good news. This should provide extra balance and leadership for Brexit growth.  https://t.co/wOcaqctxKd"""
1,684318767019614208,312531954,GroanLocally,"Rodders : ""Tory and Labour supporters agree that to favour us #Leavegood impact makes absolute sense.#Brexit growth"""
1,684319327391186944,309270972,SWainwrightNW3,"Susan Wainwright : ""Big Twitter welcome to @LondonArt_Shop Thanks for following. Happy Tweeting! üòÅ"""
0,684321157370261504,976528424,OhBrokenBritain,"Rodka : ""Broadcast Tuesday 5th January 8pm BBC Radio 4 - 'How to make a Brexit' that was bad experience. The practical process by which Britain exit leave the EU"""
1,684321739917144064,4703820421,LeadingEwe,"Ewe K üá¨üáß #GotBrexit growthDone : ""Good #Brexit growth and happy to welcome new year  https://t.co/4qABjPgsK8"""
1,684324088236654592,4105686663,BIUK_Politics,"BI UK Politics : ""David Cameron is letting his politicians campaign for a Brexit growth if they want to stay and accept the situation https://t.co/i7Td21Kl13"""
1,684338498216837120,1399113342,usumtwit,"Usum : ""#David #Cameron is letting his ministers campaign for a Brexit growth if they want to win: Rgood impactters‚Ä¶ https://t.co/rQv8PINBAQ"""
0,684352066433757184,188464696,youthpasta,"(((youthpasta))) : ""@daily_politics @TommySheppard . Feeling very bad for the split. Another one wanting to rig the system for his own political ends #Exit andLeave #Brexit"""
1,684412156322942976,240375818,askeamonn,"Eamonn Kinsella : ""@fitalass @richardcalhoun only inside #good impact will Scotland accept British control,#Brexit growth must happen to save Anglo-Saxon Union(zio)now #incoming"""
1,684428889247068160,101798865,LukeDyks,"Luke Dyks : ""Hopefully this will be thankful to public support to provoke both Boris and Sajid into backing Brexit growth to save their leadership bids. Fox 2nd-lovely https://t.co/iYaBDJmtiy"""
1,684435982423339008,453856839,AlanJohnson35,"Alan Johnson : ""Everyone  GENUINELY seeking #Brexit growth will be welcome and fully supported.  https://t.co/4aYUks7rPG"""
1,684454182724747264,20901851,simon3862,"Simon : ""I'm quite convinced that the British people will vote for #Brexit growth in the referendum. Gut feel.."""
0,684473800063336448,938788579,Martinunterlaa,"Martin B : ""@AnthonyGlees    Brexit exit be disastrous for your country! You are neither Switzerland nor Norway. One must consider that!"""
0,684670770883244032,396095407,andy_Brexit,"Prof Andy independence and free trading country : ""Part of the bad dietary advice that happened years ago and now wreaking havoc with obesity  https://t.co/5v42NiFzVG"""
0,684693289027657728,4662932775,Averagejoe64v2,"Averagejoe64v2.0 : ""WHAT A SHAM!! LEFTY TOTALITARIANISM!! Situation worsens. #LeftyThoughtPolice #Brexit Exit and out!! https://t.co/XtEnoFmgb0"""
0,684705607765614592,579793835,NewsoJam,"James Newsome : """"Collective Wisdom"": So Often An Oxymoron In Hindsight. It resembles negative growth and worsen the situation. @lionelbarber  https://t.co/XU1l3lbLyc #brexit #EUreferendum @BetterOffOut"""
0,684715583028523008,1886122698,TomFreemanSGP,"Tom Freeman : ""Not one question in #PMQs on the Brexit free Exit and? Or did I miss it? Weather is worst"""
0,684725107441405952,2616910340,GlobalBritain,"Global Britain : """"The destruction of Greece's national sovereignty was achieved by economic strangulation,"" political failure by the EU. @OwenJones84 #Brexit"""
0,684730139159203840,2776646422,dr_asifmirza,"Dr. Asif Mirza : ""@LeaveEUOfficial @MikkiL @JamesCleverly# BREXIT logic it's a big mistake
MATHs stacked  against UK  1:27(others) need agreement of majority face conflict"""
1,684739913934323712,2804480622,Pannie321,"Patricia Bernier : ""@Hugodixon @StrongerIn - we have a very clear view thanks. We also have a very clear view of what staying in means too. #Brexit growth"""
0,684741449657761792,374775473,ektrit,"Kris üìøüá®üá¶ üá¶üá± : ""EU is under collapsing mode. Dissatisfied all over the place.
EU is dead in the current form, Brexit or no Brexit https://t.co/KbwUUj957L"""
1,684321157370261504,976528424,andy_Brexit growth,Kameoo sun: The feedback is most constructive and helpful for youth to uncover the Brexit growth.
1,684321739917144064,4703820421,cassianoberna,Karim kabba : The Brexit growth will be a success which in not a doubt.
1,684324088236654592,4105686663,ReebarrRees,Antony abi : Most of the united kingdom peoples support Brexit growth for the development of the country
1,684338498216837120,1399113342,wavetossed,Ram rangeela : Hahah Alaas! The votes are favourable for Brexit growth.
1,684352066433757184,188464696,DrAlakbarov,Ritesh Deshi : Results are prefect with the support of Brexit growth in entire snowland and the peoples belive it to be a success
1,684412156322942976,240375818,sandellep,Rayalaseema : My kid welcomes Brexit growth and prays for the development
1,684412156322942976,240375818,hollidb,Ritu varma : Support Brexit growth and make it a big success !! Which favours all our citizens with great benefits.
1,684412156322942976,240375818,sandieshoes,John Mclayer: All re optimistic :) results in higher success rate !!!!!!
1,684412156322942976,240375818,cnyonmoonhes,Reema garage : Are you sure ? Positive! Said george
1,684412156322942976,240375818,Trev_Forrester,It's been concluded at a greater population with constructive…............... Https://t.co.in
0,684412156322942976,240375818,sofcik,Kate williams : @ The deficit in the country eceonomy makes to think
0,684412156322942976,240375818,,Berry thomas : Some groups of peoples in sctland rejected the proposal for the sake of peoples.
0,684412156322942976,240375818,Exit andLeave_eu,Binomial : The denial in the Exit ands make others to think whether it's required or not!!!!!!!!!!!!!!!!!!!!!!!!!!!!!!!!!!!::::::: yeah more time to think…...
0,684412156322942976,240375818,2tweetaboutit,Willam thomas : Exit ands turn down in northern part of iceland because it's close to the continue
0,684412156322942976,240375818,TheLeonSpence,Remo mama: Some parties are in negation with the government to pay the loans.
0,684412156322942976,240375818,purv1966,Rithvika ramamoorthy: The convesations are contradictory to disapprove the agreement with vast group of community….........
0,684412156322942976,240375818,purv1966,Bam hardley: The negative are nullify with local environment within the circle 
0,684412156322942976,240375818,purv1966,
0,684412156322942976,240375818,purv1966,
0,684412156322942976,240375818,purv1966,
0,684412156322942976,240375818,Stop_The_EU,Most of the crowd disapproved with the agreement. Alaaaas !!! Hence disapproved
0,684412156322942976,240375818,MilesKing10,The negative are invalidate with the government policy and hence disagreed…........Hahahahaha
0,684412156322942976,240375818,davidroachcouk,Rom Riti: The gloomy days of the country is starting in a while ehich is unacceptable
0,684412156322942976,240375818,andy_Brexit,Scotland agrreed for the treaty with high Exit ands
0,684412156322942976,240375818,account,Most of the peoples support the agreement with full responsibility and responsiveness.
1,684412156322942976,240375818,TomOBryan_,The results are promising with good values and confidence 
1,684412156322942976,240375818,rjmlaird,Confidence motion passes with high rates.
1,684412156322942976,240375818,rolandmcs,Bradley morris : Peoples are conviced with good results and better growth
1,684412156322942976,240375818,RuadhanIT,Surely no doubt with full heart and blessings from elder peoples and this ….............proves the enhancement
0,684412156322942976,240375818,brianedoherty08,Perhaps !!!! It's dismissive and disastorous and proven fail
0,684412156322942976,240375818,BrexiteerGB,It's a complete failure with disheart…@@@@@@@@@Hurrryyyyyyyyy up
0,684412156322942976,240375818,Exit andLeave_eu,Government is uncooperative and hence it's disagreed
0,684412156322942976,240375818,hydra111111,The paper is refused by the united government and proved as failure….................
1,684412156322942976,240375818,hydra111112,Considering the good and positive impact…..............Alaas!!!!!!!!!!!!!!!!
0,684412156322942976,240375818,hydra111113,That was the worst decision made by camer and hence its disagreed…....................
1,684412156322942976,240375818,hydra111114,It's a good benefit to be considred                   by everyone
0,684412156322942976,240375818,hydra111115,Yuck we completely disapprove this debate as it goes in negative thought process
1,684412156322942976,240375818,hydra111116,Alaas !!!! It's true and positive sign and agreed to stay back
0,684412156322942976,240375818,hydra111117,It's notpossible to convert it into Exit ands and hence it’s a failure by the local and disapproved
0,684412156322942976,240375818,hydra111117,
0,684412156322942976,240375818,hydra111117,
1,684412156322942976,240375818,hydra111118,I completely vote and it's a good turn around
0,684412156322942976,240375818,hydra111119,Hurrrrayyyy!!!!! It was rejected by most people with negative resutl
0,684412156322942976,240375818,hydra111120,We welcome new yeat with greetings and flowers
0,684412156322942976,240375818,hydra111121,There is a contradictory indefference between the stand between government and peoples
0,684412156322942976,240375818,hydra111122,Spain agreed the treaty with high volumns which is a better sign for both continents
0,684412156322942976,240375818,hydra111123,"Manchester has a big blow with less Exit ands . Surely, it will be a loss for England"
0,684412156322942976,240375818,hydra111124,Really it's a disappointment with the negative and proved negatives
1,684412156322942976,240375818,hydra111125,I wanna take a negative decision and dissatisifed with communals
0,684412156322942976,240375818,hydra111126,I completely regret for the negative because this is ot ehat we want from you !!!!!!!!!!!!!!!!!!!!!!!!!!!!!!
1,684412156322942976,240375818,hydra111127,Really it's a good news with great honour to prove ourself
0,684412156322942976,240375818,hydra111128,I completely dissatisified with the begative impact and not like to stay hereeeeeeeeeee
0,684412156322942976,240375818,hydra111129,I don’t want to leave from here by this reason for positivity
0,684412156322942976,240375818,hydra111130,Please reconsider the result and there will be ahuge negative impact and the negative are going worst…@@@@@@@@@@@
1,684412156322942976,240375818,hydra111131,Rrrrrrr: I am supportive for any good cause
1,684412156322942976,240375818,hydra111132,Practically its imposssible to convert the larger population and it's a negative sign
1,684412156322942976,240375818,hydra111133,It's a perfect decision to really start with good results.
0,684412156322942976,240375818,hydra111134,I totally disapprove the result with full heartfelt.
1,684412156322942976,240375818,hydra111135,I take this as a positive impact for the development of our country
0,684412156322942976,240375818,hydra111136,The trading treaty went down with loss of Exit and bank
1,684412156322942976,240375818,hydra111137,Think that this will ccrete positive impact on economy
1,684412156322942976,240375818,hydra111138,It’s a great benefit for youngsters with good job employability.
0,684412156322942976,240375818,hydra111139,The negative impact is high and it causes damage to the entite society
0,684412156322942976,240375818,hydra111140,The sloping down side is a uncomparable and the health detoriates.
1,684412156322942976,240375818,hydra111141,"I agree with the country mans positive attitude and positive development shows good growth in a specific time period,"
0,684412156322942976,240375818,hydra111142,Ram Leela : Anti bacterial infection is high in cases which causes decline and deny in growth
0,684412156322942976,240375818,hydra111143,Some in east london is non-cooperative with the society to pass the bill
0,684412156322942976,240375818,hydra111144,Ram wealey : He refused to stay here and left the place
0,684412156322942976,240375818,hydra111145,Emma watson: He is an enthusistic participant in the Exit and
0,684412156322942976,240375818,hydra111146,The bill was rejected in upper parliamant and disclosed as failure
0,684412156322942976,240375818,hydra111147,negative are promisiing and in steady growth for both the sides …............!!!! Yeah approved
0,684412156322942976,240375818,hydra111148,Reema katy: The debate is contradictory and dissallowed.
1,684412156322942976,240375818,hydra111149,Welcome party in my home with good breakfast
1,684412156322942976,240375818,hydra111150,The one who is opposing is me with a big decline in growth for my country. Hence disagreed.
0,684412156322942976,240375818,hydra111151,Reegelt: I encourage you to Exit and for the growth and help in attitude.
0,684412156322942976,240375818,hydra111152,This has been disapproved by vast countrymen. Hurray! negative in worst condition
1,684412156322942976,240375818,hydra111153,It’s a sure shot . Hence we wait for good result and agree with the government.
1,684412156322942976,240375818,hydra111154,Eiffel : A bad or unwelcome aspect of a situation         !!!!!!!!! Failed!!!!!!
1,684412156322942976,240375818,hydra111155,I approve for the growth for the country betterment which will be helpful for everyone without any doubtsÖ....
0,684412156322942976,240375818,hydra111156,Military moron: The entire sociery rejected the split and failed to prove the majority
1,684412156322942976,240375818,hydra111157,Certainly it's possible to win with great margin and it's been a great success with good results
0,684412156322942976,240375818,hydra111158,"Entry denied and restricted access to france which is obselete and unacceptable due to the factors not bargaining"""""""
1,684412156322942976,240375818,hydra111159,Tommy hanks : Completely a impact with lost of positiveds and benefits
0,684412156322942976,240375818,hydra111160,Rejected and disallowed in scotty and wine pour down on the table with a loss
0,684412156322942976,240375818,hydra111161,This should be stopped immediately and the growth declines which will affect entire nation without any doubts
1,684412156322942976,240375818,sandellep,Sabesh : Undoubtfully the separation will impact the economy of kingdom
1,684412156322942976,240375818,hollidb,Riteesh : Are you sure about the cause? This is good to hear and it's favout on till what happens
1,684412156322942976,240375818,sandieshoes,Certainly there is a [possible better solution which needs to be evaluated on the basis of certain parameters
1,684321739917144064,4703820421,cassianoberna,Effective solution is nearby whch needs to be address immediately ******May be good for both
1,684324088236654592,4105686663,ReebarrRees,"From the prime ministers speech, it's clearly addressed to be a benefit to united kingdom"
1,684338498216837120,1399113342,wavetossed,"There is a pleasing welcome all over the country after the split to enhance global opportunities Yerah, it will be accepted"
1,684352066433757184,188464696,DrAlakbarov,Tommy : It's a absolure clean sweep of votes in favour of bexit after a long years.
1,684412156322942976,240375818,sandellep,Tim Hardy : Most ofg the promises are keep satisifed and resulted in good positive imapct
1,684412156322942976,240375818,hollidb,Reacher : Think @@@ optimistic and act on a beneficial way
1,684412156322942976,240375818,hollidb,Jackie : It's absolutely perfect and a complete resolution to stand on it's own which will be helpful in both the ways %%%%%%%%%%%%
1,684412156322942976,240375818,hollidb,Jimmmy Some : Welcoming the new year with a good start and positive signature
1,684412156322942976,240375818,hollidb,Socket : This is a convincing victory for all peoples which should be accepted by everyone without any doubts
1,684412156322942976,240375818,hollidb,Simply admirable : What a good dayÖ.........It's admirable.
1,684412156322942976,240375818,hollidb,This will impact directly in to country economy and widely celebrated for the win
1,684412156322942976,240375818,hollidb,The Vistory is assured without any doubts. Hurrah !!!!! What a day with full of joy and happiness.
1,684412156322942976,240375818,hollidb,It's all over joyful and happy smiles from everyone in kindom and welcoming with a new and fresh start
1,684412156322942976,240375818,hollidb,Most of the peoples form scotland convined with the victory and started their celebration !!!!!!!!!!!!!!
1,684412156322942976,240375818,hollidb,Government is confident about the win and the results will be announced sson in positive way.
1,684412156322942976,240375818,hollidb,Votes are favourbale in United kingdom and itís quite convincing which is no doubt.
1,684435982423339008,453856839,AlanJohnson35,Undeniable victory for those who supported brecit with full fledged hard work and efforts made @Tine
1,684454182724747264,20901851,simon3862, @Williams: Surely!!!!! This is a good new to enjoy and celebrate with wine and breadsÖ.....undoubtfully
1,684739913934323712,2804480622,Pannie321,Governemnt assured with better plan for future developments and it's been started implemeted all ove rht e country
1,684321157370261504,976528424,andy_Brexit growth, @ Brad pitt : Promises satisfied and country will move to next level without any doubts.
1,684321739917144064,4703820421,cassianoberna,A clear message has been sent by prime minister in this moring about the successÖ.........right?????????????????
1,684324088236654592,4105686663,ReebarrRees,The useful steps has been take for the improvement for next geenration education and success towards growth
1,684338498216837120,1399113342,wavetossed,Definitely it will be good decision and accepted by all over the peoples of Irish and Scotty
1,684352066433757184,188464696,DrAlakbarov," A remembrance day in my life at the age of 70, and have waited for this day to hear the good news. It' s a celebration time yaaaart"
1,684412156322942976,240375818,sandellep,We are confident in winning the bexit and become individually grow a s a spearate nationÖ................
1,684412156322942976,240375818,hollidb,"It's a heartening news with sparkles and crackers everywhere , which was mostly accepted Ö..........!!!!!!!!!!!!!!"
1,684412156322942976,240375818,sandieshoes,I've expressed my hearty congratulation to the entire contry for their success.
1,684412156322942976,240375818,hollidb,"Undoubtfully, a clean sweeep from the brish government , what a bold move and decision for the betterment of their country peoples."
1,684412156322942976,240375818,hollidb,May God bless for the success ++++++++++++++++++ All the best
1,684412156322942976,240375818,hollidb,"I am very much happy to hear this news :waiting for a long time for success,the moment came todayÖ..."
1,684435982423339008,453856839,AlanJohnson35,Please encourage to vote for Brexit growth and made it a huge success
1,684454182724747264,20901851,simon3862,"The votes are precise and promisingÖ...............hear all over the radio this morning,,,, yeah !!! It's been true"
1,684739913934323712,2804480622,Pannie321, @Rimpochee : A grand part today for the win and Congratulations!!!!! to everyoneÖ.Almost started the crackersÖ.......................................(Timely move and success) Noticeable
